kw,vol,kd,cpc,intent,best_pos,sites
security camera,823000,77,5.47,commercial,10,jer-tech.com
security cameras,74000,70,5.47,commercial,9,jer-tech.com
surveillance cameras,12100,63,5.02,commercial,9,jer-tech.com
security camera security camera,9900,66,5.47,commercial,8,jer-tech.com
surveillance camera,6600,71,5.02,commercial,8,jer-tech.com
no subscription security camera,5400,39,1.88,commercial,49,icseecam.com
best home security camera without subscription,4400,21,2.7,commercial,48,icseecam.com
security cameras without subscription,3600,35,1.88,commercial,50,icseecam.com
security camera without subscription,3600,35,1.88,"commercial, informational",52,icseecam.com
secuirty cameras,2900,71,5.47,commercial,9,jer-tech.com
license plate reader camera,2400,18,2.94,"commercial, informational",67,cctvfactory.com
best security cameras without subscription,1900,31,2.04,commercial,52,icseecam.com
solar panel manufacturers,1900,61,4.3,commercial,81,icseecam.com
best home security cameras without subscription,1600,33,2.57,commercial,57,icseecam.com
home security cameras without subscription,1600,36,4.06,commercial,62,icseecam.com
survilliance camera,1600,69,4.89,commercial,1,jer-tech.com
25 ft hdmi cable,1300,25,0.38,commercial,8,cctvfactory.com
25 foot hdmi cable,1300,26,0.38,commercial,30,cctvfactory.com
security camera companies,1300,67,16.44,commercial,75,icseecam.com
cctv cameras for schools,880,15,13.71,"commercial, informational",77,icseecam.com
25ft hdmi cable,880,19,0.38,"commercial, informational",19,cctvfactory.com
ip camera nvr,880,21,1.9,"commercial, informational",48,cctvfactory.com
wifi panorama camera,880,26,0.48,"commercial, informational",38,icseecam.com
poe nvr,720,19,1.63,"commercial, informational",6,enster.com
network video recorder ip camera,720,23,2.02,"commercial, informational",26,cctvfactory.com
anpr camera,720,23,4.02,"commercial, informational",39,enster.com
face recognition camera,720,24,2.61,"commercial, informational",7,enster.com
hdmi cables 25 ft,720,26,0.38,commercial,30,cctvfactory.com
best home camera system without subscription,720,31,3.67,commercial,50,icseecam.com
non subscription security camera,720,32,1.41,commercial,37,icseecam.com
best solar panel brands,720,35,3.92,commercial,63,icseecam.com
wire free home security cameras,720,40,0.0,commercial,41,icseecam.com
wireless camera with monitor,590,2,1.5,commercial,3,enster.com
onvif cameras,590,23,1.27,"commercial, informational",53,jer-tech.com
licence plate camera reader,590,24,3.27,"commercial, informational",55,cctvfactory.com
unixcctv,590,24,2.07,navigational,44,cctvfactory.com
best security cameras for home without subscription,590,24,3.37,commercial,57,icseecam.com
license plate capture cameras,590,27,3.92,commercial,63,cctvfactory.com
best wireless security camera without subscription,590,27,1.67,commercial,54,icseecam.com
25 feet hdmi cable,590,28,0.38,commercial,28,cctvfactory.com
cameras without subscription,590,28,1.46,"commercial, informational",56,icseecam.com
best cctv cameras for business,590,30,24.32,commercial,87,"icseecam.com,jer-tech.com"
continuous recording security camera,590,30,3.32,"commercial, informational",27,icseecam.com
onvif compatible cameras,590,33,1.36,commercial,69,jer-tech.com
american made solar panels,590,38,1.87,"commercial, informational",82,icseecam.com
see see camera,590,42,1.37,"commercial, informational",47,icseecam.com
camera mounting bracket,480,8,0.61,commercial,44,cctvfactory.com
poe cable cat5e,480,11,0.84,commercial,27,cctvfactory.com
long range surveillance camera,480,16,1.56,"commercial, informational",64,icseecam.com
dual lens security camera,480,19,1.32,"commercial, informational",46,icseecam.com
long range security camera,480,21,1.46,commercial,51,icseecam.com
ahd dvr 8 camera kit,480,24,0.0,"commercial, informational",12,enster.com
long distance security camera,480,26,1.46,"commercial, informational",49,icseecam.com
best no subscription security camera,480,28,1.08,commercial,46,icseecam.com
wire free home security camera,480,32,1.66,"commercial, informational",55,icseecam.com
subscription free security camera,480,32,1.16,"commercial, informational",68,icseecam.com
best non subscription security camera,480,33,1.44,commercial,54,icseecam.com
yoosee camera,480,38,0.71,commercial,35,icseecam.com
solar panels made in usa,480,43,2.16,commercial,84,icseecam.com
v380 pro camera,480,46,0.46,"commercial, informational",33,icseecam.com
tuya wifi battery solar camera,390,0,0.0,commercial,17,enster.com
6ft hdmi cable,390,15,0.45,commercial,26,cctvfactory.com
cable for cctv security camera,390,16,0.7,commercial,74,cctvfactory.com
camera using battery and sim card,390,17,0.0,commercial,43,jer-tech.com
cat5 poe cable,390,19,0.84,"commercial, informational",26,cctvfactory.com
best cameras for ai traffic analysis 2026,390,19,0.0,"commercial, informational",86,jer-tech.com
forster camera,390,20,0.0,"commercial, navigational",35,enster.com
anpr cameras,390,20,4.02,"commercial, informational",48,enster.com
sdi camera,390,21,0.86,"commercial, informational",43,cctvfactory.com
best home cameras without subscription,390,22,2.57,commercial,47,icseecam.com
hdmi cord 6ft,390,23,0.45,commercial,26,cctvfactory.com
long range video surveillance,390,23,1.56,commercial,75,icseecam.com
ubia camera,390,23,1.42,commercial,48,icseecam.com
best home camera without subscription,390,23,2.57,commercial,58,icseecam.com
wholesale security cameras,390,24,8.75,commercial,51,cctvfactory.com
video surveillance brands,390,24,2.94,commercial,38,jer-tech.com
mini wifi router,390,29,1.33,commercial,4,enster.com
dual camera ip,320,6,0.32,commercial,10,"icseecam.com,jer-tech.com"
camera sdi hd,320,9,0.86,commercial,34,cctvfactory.com
6 foot hdmi cable,320,9,0.46,commercial,34,cctvfactory.com
cat5e poe cable,320,15,0.84,"commercial, informational",29,cctvfactory.com
best security cameras no subscription,320,18,2.04,commercial,52,icseecam.com
long distance surveillance camera,320,19,1.46,"commercial, informational",50,icseecam.com
u box camera,320,22,1.19,commercial,40,icseecam.com
cctv company,320,27,18.87,commercial,85,icseecam.com
indoor security cameras without subscription,320,42,1.56,commercial,62,icseecam.com
v380pro camera,320,43,0.46,"commercial, informational",5,icseecam.com
solar panel manufacturer,320,63,3.9,commercial,89,icseecam.com
cctv blind spot solutions night vision motion detection analytics,260,0,0.0,"commercial, informational",15,jer-tech.com
128gb microsd card for ip surveillance camera edge storage 64gb,260,4,0.0,commercial,59,enster.com
wifi 4ch ip camera nvr kit,260,7,0.0,commercial,8,enster.com
hdmi to hdmi cable 6ft,260,14,0.45,commercial,38,cctvfactory.com
best home security camera without subscription wireless,260,15,2.19,commercial,50,icseecam.com
solar connector types,260,15,0.41,"commercial, informational",90,icseecam.com
cctv tester,260,16,0.41,commercial,9,enster.com
6 foot hdmi cord,260,22,0.47,commercial,20,cctvfactory.com
best solar camera,260,22,1.12,commercial,47,icseecam.com
ip camera with pan tilt and zoom,260,23,1.75,commercial,46,enster.com
25 hdmi cable,260,24,0.5,commercial,19,cctvfactory.com
25ft hdmi cord,260,24,0.38,"commercial, informational",25,cctvfactory.com
solar panel security cameras,260,25,0.76,"commercial, informational",58,icseecam.com
best nvr camera system,260,29,1.99,commercial,60,icseecam.com
security cameras for home without subscription,260,30,2.95,commercial,56,icseecam.com
cctv camera dealers,260,31,0.0,commercial,20,cctvfactory.com
surveillance camera brands,260,31,3.12,commercial,47,jer-tech.com
usa made solar panels,260,35,2.16,"commercial, informational",81,icseecam.com
solar panels manufacturers,260,36,4.3,commercial,84,icseecam.com
best subscription free security camera,260,37,0.98,commercial,60,icseecam.com
where to buy spy camera,260,45,0.46,transactional,30,cctvfactory.com
solar panel manufacturers usa,260,58,3.42,commercial,83,icseecam.com
security cameras companies,260,72,15.84,commercial,84,icseecam.com
4 channel nvr,210,4,1.54,"commercial, informational",57,cctvfactory.com
ethernet cable for cctv camera,210,5,1.08,commercial,49,cctvfactory.com
hd sdi camera,210,6,0.77,commercial,31,cctvfactory.com
pan tilt zoom camera mount,210,7,0.78,commercial,58,enster.com
long distance cctv camera,210,8,1.56,commercial,51,icseecam.com
ip rated stereo camera,210,9,0.0,commercial,79,cctvfactory.com
tuya smart camera,210,9,0.54,"commercial, informational",37,icseecam.com
solar panel direct sunlight vs shaded,210,13,0.0,"commercial, informational",91,icseecam.com
long range cctv camera,210,15,1.46,commercial,25,icseecam.com
6 ft hdmi cable,210,16,0.46,commercial,31,cctvfactory.com
hdmi cable 25 ft,210,16,0.38,commercial,22,cctvfactory.com
top 10 solar panels in world,210,16,3.75,commercial,12,icseecam.com
analog video surveillance system,210,18,2.88,commercial,47,jer-tech.com
esee camera,210,19,0.59,commercial,37,icseecam.com
license plate camera reader,210,20,3.27,commercial,56,cctvfactory.com
magnetic security camera,210,24,1.2,commercial,42,icseecam.com
invisibility camera,210,25,0.34,commercial,15,enster.com
best nvr,210,27,2.78,commercial,61,icseecam.com
long range video surveillance camera,210,27,1.46,commercial,53,icseecam.com
best subscription free security cameras,210,27,1.06,commercial,44,icseecam.com
hdmi to hdmi cable 25 feet,210,28,0.38,commercial,32,cctvfactory.com
best security camera system without subscription,210,28,4.06,commercial,63,icseecam.com
25 foot hdmi cord,210,29,0.38,commercial,30,cctvfactory.com
best solar cameras,210,29,1.12,commercial,45,icseecam.com
unix cctv corp,210,30,5.51,navigational,33,cctvfactory.com
best non subscription security cameras,210,30,1.04,commercial,69,icseecam.com
home camera systems no subscription,210,31,4.44,"commercial, informational",53,icseecam.com
solar panels made in the usa,210,34,2.16,"commercial, informational",98,icseecam.com
best camera without subscription,210,34,1.36,commercial,46,icseecam.com
free security cameras,210,42,5.63,commercial,50,icseecam.com
home security cameras that don't require a subscription,210,44,2.9,commercial,48,icseecam.com
best security camera brands,210,48,2.99,commercial,57,icseecam.com
good surveillance camera brands,210,50,3.03,commercial,40,"icseecam.com,jer-tech.com"
surveillance camera companies,210,67,21.12,commercial,73,icseecam.com
secuiry camera,210,80,5.47,commercial,8,jer-tech.com
outdoor waterproof smart wifi camera mini ptz dome machine,170,0,0.0,"informational, transactional",1,enster.com
camera fixe,170,3,0.98,commercial,1,enster.com
ptz camera ahd coaxial,170,4,0.0,"commercial, informational",29,enster.com
coax dvr,170,6,0.71,"commercial, informational",39,enster.com
best ptz camera,170,7,0.93,commercial,58,icseecam.com
sound detection camera,170,8,0.34,commercial,20,icseecam.com
hdmi 6 feet,170,12,0.58,"commercial, informational",28,cctvfactory.com
solar powered license plate reader,170,12,4.85,"commercial, informational",37,cctvfactory.com
hd ip camera,170,13,1.65,"commercial, informational",41,cctvfactory.com
6 ft hdmi cord,170,14,0.45,commercial,28,cctvfactory.com
pan tilt zoom mount,170,15,0.78,commercial,47,enster.com
hdmi 25' cable,170,17,0.5,commercial,35,cctvfactory.com
4g video surveillance camera,170,17,1.3,commercial,43,jer-tech.com
camera ip nvr,170,18,1.9,"commercial, informational",9,cctvfactory.com
license plate recognition camera price,170,18,2.71,transactional,35,cctvfactory.com
camera ip bullet,170,20,1.63,"commercial, informational",20,enster.com
camera ip hd,170,21,1.65,"commercial, informational",14,cctvfactory.com
wholesale security camera sales,170,22,0.0,transactional,54,"cctvfactory.com,icseecam.com,jer-tech.com"
two way audio security camera,170,22,1.61,"commercial, informational",55,icseecam.com
nvr manufacturers,170,22,4.17,"commercial, informational",7,jer-tech.com
25' hdmi cable,170,23,0.63,"commercial, informational",20,cctvfactory.com
best window camera without subscription,170,23,0.61,commercial,59,icseecam.com
hdmi cable 25,170,24,0.59,commercial,38,cctvfactory.com
hdmi cable 25ft,170,24,0.38,commercial,25,cctvfactory.com
best ptz security camera brands,170,24,0.0,commercial,76,"icseecam.com,jer-tech.com"
25 foot hdmi,170,25,0.4,commercial,33,cctvfactory.com
industrial cctv,170,26,14.16,commercial,59,cctvfactory.com
wholesale security camera,170,26,6.12,commercial,52,"cctvfactory.com,icseecam.com"
network video recorder system,170,26,3.69,"commercial, informational",47,cctvfactory.com
ip camera vs analog camera,170,26,0.53,commercial,76,icseecam.com
camera system without subscription,170,34,3.96,"commercial, informational",58,icseecam.com
cctv camera near me,170,43,3.54,transactional,49,cctvfactory.com
servelance camera,170,52,5.02,commercial,9,jer-tech.com
cctv camera shop,170,60,10.32,commercial,14,cctvfactory.com
survallance cameras,170,64,5.02,commercial,1,jer-tech.com
ctv camera,170,65,3.64,"commercial, informational",33,cctvfactory.com
best outdoor security camera 2025,170,69,0.0,commercial,28,jer-tech.com
cctv camera store,170,70,10.32,commercial,13,cctvfactory.com
surviliance camera,170,72,5.02,commercial,8,jer-tech.com
sercurity camera,170,77,5.47,"commercial, informational",1,jer-tech.com
outdoor ethernet switch poe,140,0,0.87,commercial,45,enster.com
64 channel nvr,140,3,2.53,"commercial, informational",17,cctvfactory.com
corner mount cameras,140,5,1.92,"commercial, informational",31,cctvfactory.com
corner mount camera,140,7,1.92,"commercial, informational",33,cctvfactory.com
two way audio video surveillance,140,7,1.61,commercial,45,"icseecam.com,jer-tech.com"
retail cctv,140,8,12.07,"commercial, informational",54,cctvfactory.com
ethernet cable for camera,140,9,0.7,commercial,31,cctvfactory.com
do all cameras need wifi,140,9,1.35,"commercial, informational",82,icseecam.com
best ptz outdoor camera,140,10,1.21,commercial,55,icseecam.com
high definition ip camera,140,11,1.17,commercial,26,cctvfactory.com
wifi camera ptz outdoor,140,11,1.02,commercial,25,enster.com
hdmi cables 6ft,140,13,0.46,commercial,31,cctvfactory.com
hdmi 6ft cable,140,15,0.45,commercial,26,cctvfactory.com
security cameras with sound recording,140,16,2.18,commercial,90,icseecam.com
long range cameras,140,17,1.37,"commercial, informational",58,icseecam.com
cctv supply,140,18,3.77,navigational,21,cctvfactory.com
cctv suppliers,140,18,3.18,commercial,42,cctvfactory.com
magnetic cameras,140,18,0.5,commercial,35,icseecam.com
camera 6.0,140,19,0.0,commercial,5,enster.com
cctv camera distributor,140,20,17.05,commercial,47,cctvfactory.com
network video recorder manufacturers,140,20,4.17,"commercial, informational",9,jer-tech.com
nest camera vs ring,140,21,1.63,commercial,45,icseecam.com
home security cameras with night vision,140,21,3.31,commercial,21,jer-tech.com
long range cctv,140,22,1.46,commercial,63,icseecam.com
12mm poe cam,140,23,0.0,"commercial, informational",21,enster.com
cameras with solar panels,140,23,0.66,"commercial, informational",53,icseecam.com
cctv camera company,140,24,15.98,commercial,32,"cctvfactory.com,jer-tech.com"
video surveillance for retail,140,24,27.57,"commercial, informational",1,jer-tech.com
25 ft hdmi cord,140,25,0.38,commercial,26,cctvfactory.com
best no subscription security cameras,140,25,1.08,commercial,63,icseecam.com
25 ft hdmi,140,26,0.4,commercial,30,cctvfactory.com
unix cctv texas branch,140,27,0.0,navigational,14,cctvfactory.com
best solar panel brands 2025,140,27,0.0,commercial,61,icseecam.com
ice camera,140,27,0.0,"commercial, informational",65,icseecam.com
security camera manufacturers,140,28,5.23,commercial,52,jer-tech.com
esee cloud camera,140,29,1.04,commercial,40,icseecam.com
security camera world,140,31,4.45,navigational,51,icseecam.com
best continuous recording security camera,140,33,2.71,commercial,41,icseecam.com
what to look for in home security camera,140,33,1.38,commercial,67,jer-tech.com
top solar module,140,35,2.46,commercial,74,icseecam.com
best solar camera outdoor,140,36,1.06,commercial,51,icseecam.com
camera china,140,38,0.0,commercial,11,"icseecam.com,jer-tech.com"
security camera supplier,140,38,5.81,commercial,83,icseecam.com
top solar panel brands,140,44,2.98,commercial,67,icseecam.com
solar panel makers in usa,140,51,3.61,commercial,82,icseecam.com
top security camera brands,140,52,2.99,commercial,52,icseecam.com
good security camera brands,140,54,2.99,commercial,13,icseecam.com
brands of security cameras,140,57,2.94,"commercial, informational",56,icseecam.com
best wireless security cameras 2026,140,59,2.62,commercial,44,icseecam.com
survalliance camera,140,76,5.02,commercial,1,jer-tech.com
securuty camera,140,79,5.3,"commercial, informational",9,jer-tech.com
dual lens wifi ip camera,110,0,0.0,"commercial, informational",50,icseecam.com
wired free security camera,110,0,0.0,commercial,53,icseecam.com
commercial video surveillance katy,110,3,0.0,commercial,59,cctvfactory.com
cmos camera dc 12v 200ma,110,4,0.0,commercial,28,enster.com
4 channel dvr,110,4,1.29,"commercial, informational",8,enster.com
onvif wifi camera,110,7,0.56,commercial,25,enster.com
camera 3g wireless spy,110,8,0.0,commercial,8,enster.com
25ft hdmi,110,9,0.38,commercial,29,cctvfactory.com
camera ip hd 1080p,110,9,0.0,"informational, transactional",22,cctvfactory.com
hdmi cable 6 feet,110,10,0.45,commercial,27,cctvfactory.com
ahd dvr kit for home,110,10,0.0,commercial,8,enster.com
school security camera systems,110,10,0.0,"commercial, informational",63,icseecam.com
2 way audio surveillance camera,110,11,1.61,"commercial, informational",55,icseecam.com
best farm security cameras without wifi,110,11,1.44,commercial,31,icseecam.com
6 foot hdmi,110,14,0.58,commercial,31,cctvfactory.com
best ptz security camera,110,15,1.16,commercial,64,icseecam.com
license plate capture camera,110,18,3.65,"commercial, informational",60,cctvfactory.com
hdmi cable 6ft,110,19,0.45,commercial,26,cctvfactory.com
number plate recognition camera price,110,19,2.71,transactional,36,cctvfactory.com
top solar panel manufacturers 2026,110,19,0.0,"commercial, informational",87,icseecam.com
top surveillance camera brands,110,19,2.99,commercial,44,jer-tech.com
retail cctv systems,110,20,0.0,"commercial, informational",63,cctvfactory.com
construction site cameras wireless,110,20,13.24,commercial,25,enster.com
sound surveillance,110,20,1.31,navigational,87,icseecam.com
poe cat5 cable,110,21,0.88,commercial,30,cctvfactory.com
ip camera onvif,110,23,0.96,commercial,30,enster.com
5g cameras,110,24,1.45,"commercial, informational",29,icseecam.com
talking security camera,110,26,1.71,commercial,52,icseecam.com
best long range security camera,110,26,1.4,commercial,70,icseecam.com
surveillance camera suppliers,110,27,5.23,commercial,78,icseecam.com
video surveillance camera manufacturers,110,27,3.84,commercial,20,"icseecam.com,jer-tech.com"
night time cctv,110,28,0.0,"commercial, informational",12,jer-tech.com
best night time surveillance camera,110,28,2.38,commercial,25,jer-tech.com
best wifi security camera without subscription,110,29,1.15,commercial,74,icseecam.com
best solar panel manufacturer,110,31,6.05,commercial,57,icseecam.com
best night time cctv camera,110,33,2.38,commercial,19,jer-tech.com
ccv camera,110,36,2.6,"commercial, informational",31,cctvfactory.com
best solar panel brand,110,37,3.92,commercial,61,icseecam.com
top solar panel manufacturers,110,39,3.15,commercial,74,icseecam.com
supplier cctv,110,40,3.18,commercial,1,"cctvfactory.com,jer-tech.com"
ctv cameras,110,40,4.96,"commercial, informational",39,cctvfactory.com
solar panel shingles cost,110,41,4.18,"commercial, informational",77,icseecam.com
best security camera system features,110,50,0.0,commercial,19,jer-tech.com
best wireless home security cameras 2025,110,54,0.0,commercial,25,jer-tech.com
secure ip camera system,110,60,4.49,commercial,52,jer-tech.com
security camera system companies,110,64,18.42,commercial,84,icseecam.com
aecurity cameras,110,65,5.47,commercial,9,jer-tech.com
survellance cameras,110,66,5.02,commercial,1,jer-tech.com
recommended cctv for home,110,70,2.6,commercial,58,icseecam.com
securty camera,110,74,5.3,commercial,1,jer-tech.com
4ch ip camera nvr kit cctv system 5mp,90,0,0.0,commercial,7,enster.com
ahd camera 5mp for,90,2,0.0,commercial,34,jer-tech.com
cameras hd sdi,90,5,0.86,commercial,34,cctvfactory.com
24 7 surveillance,90,5,15.48,"commercial, informational",18,jer-tech.com
cctv lens assemblies,90,6,1.11,"commercial, informational",64,cctvfactory.com
hd-sdi camera,90,6,0.86,commercial,30,cctvfactory.com
wireless ptz ip camera,90,7,0.0,commercial,10,enster.com
distance from earth to sunbest wireless camera,90,7,0.0,"commercial, informational",91,icseecam.com
pir 1080p camera 940nm,90,8,0.79,commercial,14,enster.com
ip dual lens camera,90,8,0.0,commercial,14,"icseecam.com,jer-tech.com"
cctv network video recorder,90,9,1.92,"commercial, informational",34,cctvfactory.com
ip camera kit nvr,90,10,0.0,commercial,19,enster.com
8 camera kit nvr free,90,10,0.0,commercial,28,enster.com
poe vs wifi camera,90,10,0.81,commercial,16,jer-tech.com
security camera lens cleaner,90,10,0.79,"commercial, informational",43,jer-tech.com
panasonic hd sdi,90,11,0.0,transactional,48,cctvfactory.com
turret camera vs dome,90,12,0.94,"commercial, informational",58,icseecam.com
security camera systems for schools,90,12,7.65,"commercial, informational",78,icseecam.com
wifi vs poe camera,90,12,0.81,commercial,14,jer-tech.com
sdi cameras,90,13,0.85,commercial,39,cctvfactory.com
wireless ip camera ptz,90,13,0.0,commercial,10,enster.com
barn cameras no wifi,90,13,0.67,"commercial, informational",41,icseecam.com
american security cameras,90,13,3.67,commercial,62,icseecam.com
hdmi cable 6 ft,90,14,0.45,commercial,29,cctvfactory.com
camara ptz panel solar,90,14,0.0,"commercial, informational",33,jer-tech.com
hdmi 25 ft,90,15,0.49,commercial,29,cctvfactory.com
night vision camera for home,90,15,3.42,commercial,16,jer-tech.com
nvr ip camera,90,16,2.02,"commercial, informational",39,cctvfactory.com
wireless nvr kit home,90,16,0.0,commercial,21,enster.com
magnetic security cameras,90,16,1.2,commercial,34,icseecam.com
nvr camera set eu,90,17,0.0,commercial,37,jer-tech.com
nano sim card for security camera,90,18,0.57,commercial,25,enster.com
solar security light and camera,90,18,0.56,"commercial, informational",76,icseecam.com
nvr suppliers,90,18,10.31,"commercial, informational",19,jer-tech.com
varifocal camera,90,19,2.25,"commercial, informational",37,enster.com
mobile surveillance camera manufacturer,90,19,0.0,"commercial, informational",78,icseecam.com
longest range wireless security camera,90,19,1.36,"commercial, informational",45,icseecam.com
best cameras for home security without subscription,90,19,3.87,commercial,57,icseecam.com
ip camera dvr,90,20,1.04,"commercial, informational",30,cctvfactory.com
180 degree cameras,90,20,1.65,"commercial, informational",45,enster.com
home surveillance cameras with night vision,90,20,3.43,commercial,21,jer-tech.com
nvr ip cameras,90,21,1.9,commercial,41,cctvfactory.com
panoramic cctv,90,21,1.82,"commercial, informational",1,enster.com
ptz outdoor camera,90,22,0.92,"commercial, informational",54,icseecam.com
camera ip onvif,90,22,1.12,"commercial, informational",42,jer-tech.com
camera with sim card,90,23,0.85,commercial,4,enster.com
mini router wifi,90,23,1.28,commercial,6,enster.com
25 hdmi,90,24,0.5,commercial,33,cctvfactory.com
best wired camera security system,90,24,3.44,commercial,76,icseecam.com
hd nvr kit,90,25,1.09,"commercial, informational",28,enster.com
cellular based security cameras,90,26,2.58,"commercial, informational",40,icseecam.com
home security cameras without subscriptions,90,28,2.58,commercial,62,icseecam.com
ip camera network video recorder,90,29,2.02,commercial,19,"cctvfactory.com,enster.com"
esee cameras,90,29,0.59,commercial,37,icseecam.com
security camera data plans,90,30,1.52,"commercial, informational",62,icseecam.com
best home security camera no subscription,90,31,3.32,commercial,65,icseecam.com
license plate readers for sale,90,33,2.08,transactional,45,cctvfactory.com
best long range outdoor security camera,90,33,1.46,commercial,65,icseecam.com
camera de seguranca,90,33,2.14,commercial,9,jer-tech.com
no subscription cameras,90,34,1.89,commercial,48,icseecam.com
best night vision cameras security,90,34,2.25,commercial,28,jer-tech.com
xmeye cameras,90,37,1.63,commercial,15,enster.com
cameras for home without subscription,90,37,2.71,"commercial, informational",57,icseecam.com
wire-free smart security camera,90,38,0.0,commercial,51,icseecam.com
house cameras without subscription,90,39,2.42,"commercial, informational",47,icseecam.com
top 10 solar panel manufacturers in usa,90,39,3.31,commercial,87,icseecam.com
security cameras without a subscription,90,39,1.72,commercial,44,icseecam.com
security cameras without subscriptions,90,39,2.17,"commercial, informational",45,icseecam.com
best camera system without subscription,90,40,3.1,commercial,69,icseecam.com
solar panel roof shingles cost,90,41,2.64,commercial,81,icseecam.com
best brand solar panels,90,41,3.92,commercial,58,icseecam.com
wholesale cctv camera,90,42,0.0,commercial,24,cctvfactory.com
cctv in usa,90,42,3.64,"commercial, informational",57,icseecam.com
free camera system,90,43,6.35,commercial,68,icseecam.com
best residential solar panels 2025,90,50,5.25,commercial,60,icseecam.com
best home security camera system 2025,90,50,0.0,commercial,22,jer-tech.com
home security camera brands,90,57,3.2,commercial,62,icseecam.com
survelliance camera,90,61,5.02,commercial,8,jer-tech.com
security cameras.,90,63,0.0,commercial,9,jer-tech.com
ip cameras for home security,90,67,2.58,commercial,1,jer-tech.com
securitycamera,90,85,5.47,commercial,1,jer-tech.com
surveillance kit with 5mp,70,0,0.0,commercial,18,cctvfactory.com
cctv warehouse,70,1,3.83,navigational,55,cctvfactory.com
dvr lock box,70,1,0.64,"informational, transactional",44,cctvfactory.com
lockable dvr box,70,2,0.64,commercial,34,cctvfactory.com
gsm remote camera,70,2,0.0,commercial,29,enster.com
4k hevc encoder card with onvif for nvr integration,70,2,0.0,commercial,31,enster.com
embedded dvr,70,2,3.47,"commercial, informational",4,enster.com
cctv varifocal 5 100mm camera lens,70,2,0.0,commercial,35,enster.com
cctv vs ip,70,2,0.77,"commercial, informational",51,icseecam.com
height strip camera,70,3,4.88,commercial,71,cctvfactory.com
camera hd sdi,70,3,0.86,"commercial, informational",33,cctvfactory.com
4k network video recorder,70,3,1.9,commercial,25,cctvfactory.com
cctv vs ip camera,70,3,0.87,commercial,67,icseecam.com
camera dvr spy,70,5,0.51,commercial,28,cctvfactory.com
waterproof hd ip camera model oc432,70,5,0.0,"commercial, informational",23,cctvfactory.com
dvr spy camera,70,6,0.63,commercial,19,cctvfactory.com
16 channel dvr with hard drive,70,6,1.69,"commercial, informational",28,cctvfactory.com
cctv supplies,70,7,3.77,commercial,27,cctvfactory.com
lpr camera for home,70,7,2.25,"commercial, informational",61,cctvfactory.com
4g solar security camera with ptz,70,7,0.0,commercial,21,enster.com
livestock cameras no wifi,70,7,0.72,commercial,40,icseecam.com
camera onvif wifi,70,8,0.8,"commercial, informational",14,enster.com
best license plate reader camera,70,10,4.64,commercial,59,cctvfactory.com
varifocal security camera,70,10,4.82,commercial,30,enster.com
commercial dome camera,70,10,0.0,commercial,64,icseecam.com
ip camera systems for schools,70,11,0.0,commercial,61,"enster.com,icseecam.com"
cctv camera varifocal lens,70,11,1.0,commercial,31,enster.com
ip camera vs cctv,70,11,0.87,"commercial, informational",78,icseecam.com
security camera wholesale,70,12,6.12,commercial,44,"cctvfactory.com,icseecam.com"
wholesale surveillance cameras,70,12,7.39,commercial,47,"cctvfactory.com,icseecam.com"
inside wireless,70,12,0.0,navigational,33,enster.com
hdmi dvr,70,13,0.24,commercial,3,enster.com
cctv distributors,70,14,5.45,commercial,44,cctvfactory.com
camera poe ptz,70,14,1.18,"commercial, informational",9,enster.com
cameras for schools,70,14,7.11,"commercial, informational",74,icseecam.com
us cellular camera,70,15,1.94,commercial,40,icseecam.com
camaras de seguridad kits nvr,70,16,0.0,transactional,9,enster.com
best solar camera system,70,16,0.97,commercial,53,icseecam.com
chinese camera brands,70,17,0.0,"commercial, informational",46,icseecam.com
best ptz camera outdoor,70,17,1.0,commercial,54,icseecam.com
camera hd sdi output,70,18,0.54,commercial,49,cctvfactory.com
wireless ptz outdoor camera,70,18,1.2,commercial,11,enster.com
poe injector ac220v dc48v,70,18,0.0,commercial,56,enster.com
security cameras for classrooms,70,18,9.19,commercial,79,icseecam.com
long range camera surveillance,70,18,1.56,"commercial, informational",64,icseecam.com
poe camera vs wifi camera,70,18,0.81,commercial,17,jer-tech.com
remote dvr,70,19,0.0,"commercial, informational",21,enster.com
hdmi to dvr,70,19,0.15,commercial,7,enster.com
home security cameras with sound,70,19,3.56,commercial,76,icseecam.com
solar powered outdoor ip camera,70,19,0.94,"commercial, informational",55,icseecam.com
analog dvr,70,19,1.06,"commercial, informational",12,jer-tech.com
american security camera companies,70,20,6.28,"commercial, informational",39,jer-tech.com
5g wireless security camera,70,21,1.96,"commercial, informational",29,icseecam.com
analog vs ip security cameras,70,21,0.53,commercial,77,icseecam.com
kit wireless camera,70,22,3.42,commercial,13,enster.com
dash cam manufacturers,70,22,3.44,"commercial, informational",66,icseecam.com
commercial security cameras brands,70,22,9.25,commercial,68,icseecam.com
cómo instalar una cámara de seguridad wifi,70,22,0.0,"informational, transactional",36,jer-tech.com
solar camera with sim card,70,23,0.62,commercial,35,enster.com
long range outdoor cctv camera,70,23,1.67,commercial,47,icseecam.com
smart ai cameras,70,24,2.04,"commercial, informational",6,cctvfactory.com
doorbell camera no wifi,70,24,1.76,commercial,40,icseecam.com
best security camera for 24 hour recording outdoor,70,24,3.31,commercial,67,icseecam.com
best in home camera without subscription,70,25,2.93,commercial,65,icseecam.com
the best security cameras for business,70,25,27.74,commercial,31,jer-tech.com
license plate reader for sale,70,26,2.07,transactional,41,cctvfactory.com
6' hdmi cable,70,26,0.78,commercial,31,cctvfactory.com
cctv recorder,70,26,1.38,"commercial, informational",1,enster.com
top pv module manufacturers,70,26,3.15,"commercial, informational",63,icseecam.com
best solar powered outdoor security camera,70,27,1.08,commercial,86,icseecam.com
camera yoosee,70,28,0.0,commercial,44,icseecam.com
top rated solar panel manufacturers,70,28,5.52,"commercial, informational",97,icseecam.com
best window security camera without subscription,70,28,0.78,commercial,69,icseecam.com
best 4g security camera,70,28,1.26,commercial,32,jer-tech.com
best poe camera systems,70,28,2.69,commercial,34,jer-tech.com
i see home camera,70,29,2.63,commercial,43,icseecam.com
night vision cameras for home security,70,29,3.31,commercial,14,jer-tech.com
unix cctv northridge branch,70,30,0.0,navigational,29,cctvfactory.com
wireless cctv camera kit,70,32,3.42,commercial,7,enster.com
top ten solar panels,70,32,2.2,commercial,55,icseecam.com
home camera battery power,70,33,0.0,commercial,52,icseecam.com
chinese cameras,70,33,0.0,"commercial, informational",11,jer-tech.com
store cctv,70,34,3.37,commercial,23,cctvfactory.com
best solar outdoor security cameras,70,35,1.02,commercial,78,icseecam.com
camera systems without subscription,70,37,3.53,commercial,57,icseecam.com
camera xmeye,70,38,1.53,commercial,11,enster.com
top solar panel brands 2025,70,38,0.0,commercial,76,icseecam.com
solar panels brands,70,39,3.56,commercial,69,icseecam.com
security cameras for home no subscription,70,39,1.94,commercial,58,icseecam.com
cctv camera supplier,70,40,3.28,commercial,1,"cctvfactory.com,jer-tech.com"
i see camera,70,40,1.07,commercial,10,icseecam.com
best professional cctv systems,70,42,4.57,commercial,42,"icseecam.com,jer-tech.com"
who makes the best solar panel,70,43,3.28,commercial,80,icseecam.com
best solar panel producers,70,43,6.05,commercial,75,icseecam.com
solar panel producers in china,70,45,2.89,"commercial, informational",97,icseecam.com
cctv supplier,70,48,3.18,commercial,46,jer-tech.com
what to look for in a home security camera system,70,50,0.0,"commercial, informational",54,jer-tech.com
home camera brands,70,51,3.64,commercial,52,icseecam.com
camera security wholesale,70,52,0.0,commercial,19,"icseecam.com,jer-tech.com"
ai-powered cameras,70,54,4.35,"commercial, informational",14,cctvfactory.com
survelance cameras,70,56,5.02,commercial,2,jer-tech.com
cctv cameras usa,70,61,3.67,commercial,64,icseecam.com
best security camera companies,70,64,12.35,commercial,56,icseecam.com
secutiy cameras,70,67,5.47,commercial,1,jer-tech.com
surveillance camera company,70,70,21.12,commercial,77,icseecam.com
survalience camera,70,74,4.89,commercial,1,jer-tech.com
survailence camera,70,78,4.89,"commercial, informational",1,jer-tech.com
cc security camera,50,0,3.9,commercial,35,cctvfactory.com
16ch 8mp poe nvr,50,0,0.0,commercial,8,cctvfactory.com
camera ip dvr,50,0,1.04,"commercial, informational",17,cctvfactory.com
hd ip camera auto focus,50,0,0.0,commercial,23,enster.com
camera 4ch dvr kits,50,0,0.0,commercial,8,enster.com
onvif ptz controller joystick,50,0,0.0,commercial,31,enster.com
ip camera dome sony 12mm,50,2,0.0,commercial,4,"cctvfactory.com,enster.com"
jack power cctv,50,2,0.0,"commercial, informational",53,cctvfactory.com
12mm lens for cctv camera,50,2,0.0,commercial,48,cctvfactory.com
8mp ip camera 36x zoom,50,3,0.0,"commercial, informational",15,enster.com
varifocal cctv,50,3,1.0,commercial,36,enster.com
fisheye ip camera outdoor 180,50,3,0.0,commercial,25,enster.com
nvr with poe switch,50,3,1.06,commercial,3,enster.com
best 2 way audio security camera,50,3,1.68,"commercial, informational",57,icseecam.com
camera ip 1080p 28,50,3,0.0,commercial,49,icseecam.com
best ptz camera tampa,50,3,0.0,commercial,82,icseecam.com
16 channel dvr camera system,50,4,2.76,commercial,33,cctvfactory.com
bnc cctv cable,50,4,0.64,commercial,40,cctvfactory.com
ptz 4x zoom 1080p bullet,50,4,0.0,commercial,4,enster.com
onvif 40x zoom,50,4,0.0,commercial,36,enster.com
nvr 4 camera kit outdoor,50,4,0.0,commercial,19,enster.com
cctv connectors,50,5,0.35,"informational, transactional",49,cctvfactory.com
cctv camera retailers,50,5,0.0,commercial,32,cctvfactory.com
32 port poe switch,50,5,0.99,"commercial, informational",28,enster.com
camera kit internal ip,50,5,0.0,"commercial, informational",73,enster.com
camera invisible 940nm ir,50,5,0.0,commercial,13,enster.com
poe ptz starlight,50,5,0.0,commercial,18,enster.com
camera yoosee ip,50,5,0.0,commercial,41,icseecam.com
dvr hdmi,50,6,0.2,commercial,1,enster.com
varifocal camera poe,50,6,0.0,commercial,17,enster.com
ahd camera cctv,50,6,0.0,commercial,12,jer-tech.com
varifocal cctv camera,50,7,0.0,commercial,18,enster.com
4mp camera onvif ip ptz,50,7,0.0,commercial,12,enster.com
camera 32pcs poe,50,7,0.0,commercial,8,enster.com
solar farm security camera,50,7,3.67,commercial,78,icseecam.com
cctv camera dual lens,50,7,0.0,commercial,45,icseecam.com
nvr poe 2mp 4ch,50,8,0.0,commercial,12,cctvfactory.com
recorder cctv 4mp nvr,50,8,0.0,commercial,19,cctvfactory.com
quad cameras,50,8,1.3,commercial,54,cctvfactory.com
advanced cctv kit,50,8,0.0,commercial,18,enster.com
4g solar cameras,50,8,0.79,commercial,28,enster.com
wifi ptz cameras,50,8,1.06,"commercial, informational",18,enster.com
cctv vs ip surveillance,50,8,0.87,commercial,67,icseecam.com
camera with sdi output,50,9,0.54,commercial,43,cctvfactory.com
solar power kit for cctv,50,9,0.0,"commercial, informational",33,enster.com
cctv with built in microphone,50,10,0.0,"commercial, informational",6,enster.com
wireless security cameras for construction sites,50,10,31.62,commercial,58,enster.com
hdmi 25,50,11,0.45,commercial,28,cctvfactory.com
camaras ip wifi exterior ptz,50,11,0.0,commercial,24,enster.com
ip camera outdoor bullets,50,11,0.0,commercial,28,enster.com
poe vs wifi,50,11,1.15,commercial,19,jer-tech.com
4 g solar ıp kamera,50,13,0.0,commercial,7,enster.com
school security camera,50,13,0.0,"commercial, informational",77,icseecam.com
anti fog spray for security camera,50,13,0.0,commercial,57,icseecam.com
best ptz cam,50,13,0.93,commercial,52,icseecam.com
license reader camera,50,14,3.43,"commercial, informational",57,cctvfactory.com
security camera that can read license plates,50,14,2.1,commercial,79,cctvfactory.com
construction camera wireless,50,14,17.18,commercial,33,enster.com
ip 5ghz camera,50,14,0.0,commercial,26,enster.com
ip vs analog camera,50,15,0.53,commercial,65,"icseecam.com,jer-tech.com"
2.4 ghz wireless receiver,50,16,0.0,"informational, transactional",13,cctvfactory.com
cctv ip ptz camera zoom 20x 2mp,50,16,0.0,commercial,39,cctvfactory.com
license plate reader cost,50,16,2.69,"commercial, informational",54,cctvfactory.com
dvr 8 input,50,16,0.0,commercial,15,enster.com
camera nvr set,50,16,0.0,commercial,33,enster.com
ip camera nvr system with,50,17,0.0,commercial,51,cctvfactory.com
wireless construction cameras,50,17,22.7,commercial,23,enster.com
gsm solar camera outdoor,50,17,0.0,commercial,27,enster.com
camera sim battery card,50,17,0.0,commercial,9,enster.com
what is the best security camera without a subscription,50,17,1.51,commercial,61,icseecam.com
hiseeu camera app for pc,50,17,0.0,"informational, transactional",79,icseecam.com
arlo solar powered cameras,50,17,0.65,transactional,35,icseecam.com
analog security camera market,50,17,0.0,"commercial, informational",44,jer-tech.com
analog camera repair,50,17,1.5,commercial,4,jer-tech.com
security camera license plate reader,50,18,3.93,commercial,68,cctvfactory.com
varifocal lens security camera,50,18,1.0,commercial,34,enster.com
healthcare smart cameras,50,18,0.0,"commercial, informational",65,enster.com
camera modules xmeye,50,18,0.0,commercial,7,enster.com
analog vs ip camera,50,18,0.4,commercial,79,icseecam.com
mobile license plate reader for sale,50,19,0.0,transactional,56,cctvfactory.com
wifi wireless camera nvr kit,50,19,0.0,commercial,14,enster.com
camera poe 12w,50,20,0.0,commercial,38,enster.com
ip camera 1080p nvr kit,50,20,0.0,commercial,15,enster.com
5ghz wifi camera,50,20,0.85,commercial,27,icseecam.com
best poe security cameras 2026,50,20,0.0,commercial,7,jer-tech.com
camaras con sim card y panel solar,50,21,0.0,commercial,8,enster.com
dome onvif xmeye,50,21,0.0,commercial,13,enster.com
camera solar 4g ip,50,21,0.2,commercial,17,enster.com
solar outdoor camera 4g,50,21,0.0,commercial,25,enster.com
top solar module manufacturers,50,21,3.81,commercial,75,icseecam.com
door camera no wifi needed,50,21,1.66,commercial,56,icseecam.com
25' hdmi cord,50,22,0.63,"commercial, informational",31,cctvfactory.com
sd xmeye ip camera,50,22,0.0,commercial,23,enster.com
best diy home security camera system without subscription,50,22,3.98,commercial,54,icseecam.com
off site security camera monitoring,50,23,20.78,"commercial, informational",66,enster.com
dome camera suppliers,50,23,0.0,commercial,23,"enster.com,icseecam.com"
cctv system kits,50,23,0.0,commercial,17,enster.com
security cameras wire free,50,23,2.07,commercial,53,icseecam.com
solar panels made in america,50,23,2.16,"commercial, informational",85,icseecam.com
hdmi 25 ft cable,50,24,0.38,commercial,27,cctvfactory.com
license plate scanner for sale,50,24,2.08,transactional,44,cctvfactory.com
best home security cameras no subscription,50,24,3.32,commercial,57,icseecam.com
best solar panel brands 2025 2026,50,24,0.0,commercial,61,icseecam.com
ip cctv camera solar powered,50,24,0.0,commercial,45,icseecam.com
best professional security cameras,50,24,3.58,commercial,44,jer-tech.com
ptz camera outdoor wireless,50,25,1.2,"commercial, informational",17,enster.com
5g surveillance camera,50,25,1.57,"commercial, informational",28,icseecam.com
security camera manufacturer,50,25,5.23,commercial,24,"icseecam.com,jer-tech.com"
global security cameras,50,26,5.54,commercial,54,jer-tech.com
outdoor industrial cctv systems,50,27,0.0,commercial,71,cctvfactory.com
invisible night vision video camera,50,27,0.0,commercial,21,enster.com
no wifi doorbell camera,50,27,0.91,"commercial, informational",40,icseecam.com
onvif network camera,50,27,0.0,commercial,52,jer-tech.com
nvr cctv kit,50,28,0.0,commercial,18,enster.com
cctv camera kit nvr monitor,50,28,0.0,commercial,16,enster.com
esee security camera,50,28,1.31,commercial,66,icseecam.com
industrial cctv systems,50,29,28.86,"commercial, informational",67,cctvfactory.com
secure solar camera,50,29,0.94,commercial,49,icseecam.com
building camera system,50,29,11.65,commercial,47,jer-tech.com
4g v380 camera,50,30,0.0,"commercial, informational",43,icseecam.com
nvr kit poe cctv system,50,31,0.0,commercial,16,enster.com
small router wifi,50,32,1.3,commercial,4,enster.com
security cameras that don t need a subscription,50,32,1.42,commercial,67,icseecam.com
best surveillance camera without subscription,50,32,1.58,commercial,64,icseecam.com
best solar panel manufacturers 2026,50,33,0.0,"commercial, informational",60,icseecam.com
best wifi baby camera,50,34,0.0,commercial,46,icseecam.com
window security camera no subscription,50,34,1.16,commercial,45,icseecam.com
security camera subscription comparison,50,36,3.01,commercial,48,icseecam.com
indian cc camera,50,36,2.38,"commercial, informational",43,icseecam.com
best non-subscription security cameras,50,37,1.27,commercial,69,icseecam.com
solar panel made in usa,50,39,1.87,"commercial, informational",86,icseecam.com
top solar panel producers,50,39,3.81,commercial,80,icseecam.com
us based security camera companies,50,42,7.13,commercial,57,icseecam.com
top solar panel manufacturer,50,42,3.15,commercial,72,icseecam.com
security cameras industry,50,44,14.16,"commercial, informational",68,"icseecam.com,jer-tech.com"
solar panels american made,50,45,2.16,"commercial, informational",80,icseecam.com
cctv cctv camera,50,46,2.67,commercial,26,cctvfactory.com
cctv store,50,46,3.37,commercial,9,cctvfactory.com
best solar panels brands,50,48,3.18,commercial,70,icseecam.com
best home security camera systems 2025,50,50,0.0,commercial,19,jer-tech.com
best cctv security camera,50,53,2.73,commercial,53,icseecam.com
surveilance cameras,50,55,5.02,"commercial, informational",9,jer-tech.com
brand cameras,50,56,1.55,commercial,51,icseecam.com
csecurity camera,50,60,5.3,commercial,2,jer-tech.com
sequrity camera,50,68,5.47,commercial,1,jer-tech.com
survelliance cameras,50,69,4.89,commercial,9,jer-tech.com
and speed dome 30x 2mp,40,0,0.99,commercial,12,cctvfactory.com
2mp ahd camera zooming cctv,40,0,0.0,"commercial, informational",32,cctvfactory.com
camera kit 4mp 8 ch,40,0,0.0,commercial,46,cctvfactory.com
ip dome camera auto focus,40,0,0.0,commercial,10,"cctvfactory.com,enster.com"
ptz 1200mm cctv camera,40,0,0.0,"commercial, informational",72,cctvfactory.com
kit video surveillance nvr 4 channel,40,0,0.0,commercial,21,enster.com
ahd dvr system 16 cameras,40,0,0.0,commercial,28,enster.com
nvr kit 4mp poe ip,40,0,0.0,commercial,21,enster.com
keyboard controller speed dome cctv,40,0,0.0,commercial,25,enster.com
4g sim solar cctv,40,0,0.0,"commercial, informational",22,enster.com
speed dome wireless ip camera,40,0,0.0,commercial,4,enster.com
best budget security camera system without subscription,40,0,2.72,commercial,44,icseecam.com
s10 wifi t31,40,0,0.0,commercial,29,icseecam.com
human body detection camera,40,1,0.0,"commercial, informational",8,cctvfactory.com
nvr poe 8 channel,40,1,1.91,commercial,16,cctvfactory.com
security system sim card,40,1,3.97,commercial,42,enster.com
nvr sata,40,1,0.0,commercial,3,enster.com
6mp camera,40,2,0.0,"commercial, informational",7,cctvfactory.com
4 channel poe nvr,40,2,1.13,commercial,36,cctvfactory.com
kit nvr 8 camera dome,40,2,0.0,commercial,24,cctvfactory.com
video surveillance kit ip 264,40,2,0.0,commercial,26,enster.com
camera bullet varifocal,40,2,0.0,commercial,13,enster.com
bnc connectors for cctv,40,3,0.38,commercial,42,cctvfactory.com
ip camera nvr kit,40,3,0.0,commercial,23,enster.com
camera ptz wifi ip66,40,3,0.0,commercial,18,enster.com
cctv camera ajaster,40,3,0.0,commercial,40,enster.com
best school security camera systems,40,3,0.0,commercial,77,icseecam.com
agfaphoto analog camera,40,3,0.0,commercial,7,jer-tech.com
high tech surveillance system,40,3,0.0,commercial,52,jer-tech.com
2mp 20x speed dome camera,40,4,0.0,commercial,21,cctvfactory.com
ndaa compliant ptz cameras,40,4,0.0,"commercial, informational",74,cctvfactory.com
cctv dvr 16 channel,40,4,2.07,commercial,47,cctvfactory.com
camera ip kit nvr,40,4,1.9,commercial,23,enster.com
nvr kits spain,40,4,0.0,"commercial, informational",30,enster.com
8 channel dvr for security cameras,40,4,1.62,commercial,47,enster.com
camaras ip ptz trafico,40,4,0.0,commercial,58,icseecam.com
corner security camera,40,5,2.08,"commercial, informational",24,cctvfactory.com
cctv camera street rotary zoom,40,5,0.0,"commercial, informational",42,enster.com
turret camera manufacturer,40,5,0.0,"commercial, informational",54,"enster.com,icseecam.com"
cctv dvr 8 channel,40,5,1.64,commercial,8,enster.com
ip onvif camera wifi outdoor,40,6,0.0,commercial,28,enster.com
best outdoor ptz security camera tampa,40,6,0.0,commercial,98,icseecam.com
nvr with ai detection,40,7,0.0,commercial,12,cctvfactory.com
cm system camera,40,7,0.0,"commercial, informational",33,cctvfactory.com
power connector cctv,40,7,0.0,"commercial, informational",32,cctvfactory.com
1080 poe nvr cctv kit,40,7,0.0,commercial,36,enster.com
wireless onvif ip camera,40,7,0.0,"commercial, informational",32,enster.com
wireless construction security,40,7,0.0,commercial,11,enster.com
hd sdi video recorder,40,7,0.59,"commercial, informational",58,enster.com
camera de vigilancia 12mp,40,7,0.0,commercial,11,enster.com
best security cameras for schools,40,7,0.0,commercial,72,icseecam.com
ccd cctv camera,40,8,1.38,transactional,15,cctvfactory.com
varifocal camera price,40,8,0.0,transactional,15,enster.com
nvr wifi kit,40,8,0.0,commercial,13,enster.com
cctv camera sony pcb board,40,8,0.0,commercial,7,enster.com
camera ip wireless onvif,40,8,0.0,commercial,24,enster.com
dvr 8 channel,40,8,0.69,commercial,5,enster.com
kit nvr wifi,40,8,0.0,transactional,15,enster.com
camaras anpr,40,8,4.02,commercial,19,enster.com
lan cable for camera,40,9,0.0,"commercial, informational",39,cctvfactory.com
license plate capture camera system 1080p hd lpr camera tampa,40,9,0.0,commercial,35,cctvfactory.com
nvr kit ip security camera,40,9,0.0,commercial,20,enster.com
nvr ip record video,40,9,0.0,"commercial, informational",19,enster.com
ip camera vs cctv camera,40,9,0.77,"commercial, informational",79,icseecam.com
cctv camera 2mp pal ahd,40,10,0.0,commercial,12,cctvfactory.com
lpr camera supplier,40,10,0.0,"commercial, informational",82,cctvfactory.com
sdi output cameras,40,10,0.47,"commercial, informational",48,cctvfactory.com
camera varifocal cctv,40,10,0.0,commercial,21,enster.com
camera 4g wifi onvif,40,10,0.0,commercial,15,enster.com
camera ip 4mp 180,40,10,0.0,commercial,28,enster.com
ip camera and hd camera,40,11,0.0,"commercial, informational",61,cctvfactory.com
wireless ip cameras nvr kit,40,11,0.0,commercial,13,enster.com
nvr kit wifi,40,11,0.0,"commercial, informational",2,enster.com
turret ip camera,40,11,1.88,"commercial, informational",41,enster.com
ip camera hd zoom focus,40,11,0.0,commercial,21,enster.com
4 ports nvr,40,12,0.0,commercial,65,cctvfactory.com
hdmi cable 6 foot,40,12,0.45,commercial,31,cctvfactory.com
camera exterieur 4g solaire,40,12,0.0,commercial,23,enster.com
camera board onvif,40,12,0.0,commercial,50,enster.com
4g camera with sim card,40,12,0.0,commercial,13,enster.com
long range night vision security camera,40,12,2.16,"commercial, informational",51,icseecam.com
cctv camera manufacturer,40,13,2.7,commercial,22,cctvfactory.com
solar security camera gulfton,40,13,0.0,commercial,94,cctvfactory.com
hdmi 6 ft cable,40,13,0.48,commercial,32,cctvfactory.com
3g mini camera sim card,40,13,0.0,commercial,25,enster.com
nvr with 5mp camera kit,40,13,0.0,commercial,7,enster.com
best solar construction camera,40,13,0.0,commercial,56,icseecam.com
best solar panel brands with longest product warranty 2025,40,13,0.0,commercial,64,icseecam.com
lpr system cost,40,14,5.33,"commercial, informational",73,cctvfactory.com
nvr ip camera kit,40,14,0.0,commercial,25,enster.com
kit video surveillance system 4ch ahd,40,14,0.0,commercial,9,enster.com
nvr poe,40,14,1.59,commercial,2,enster.com
wireless nvr kit,40,14,0.86,"commercial, informational",28,enster.com
5mp ip camera xmeye,40,14,0.0,commercial,7,enster.com
security camera connections,40,14,5.69,commercial,69,icseecam.com
dual security camera,40,14,1.51,transactional,46,icseecam.com
dvr manufacturers,40,14,6.15,commercial,24,"icseecam.com,jer-tech.com"
camera nvr kit wifi,40,15,0.0,transactional,14,enster.com
cctv lte solar,40,15,0.0,commercial,26,enster.com
best cellular camera for security,40,15,1.77,commercial,55,icseecam.com
see vision solar camera,40,15,0.39,commercial,51,icseecam.com
best cctv camera brand,40,15,5.28,commercial,40,jer-tech.com
wireless license plate reader camera,40,16,3.06,commercial,54,cctvfactory.com
quad-camera system,40,16,4.47,commercial,66,cctvfactory.com
cámara 4g sim batería,40,16,0.0,commercial,8,enster.com
fisheye 180 camera wifi,40,16,0.0,"commercial, informational",22,enster.com
camera p2p h 265 5mp,40,16,0.0,commercial,16,enster.com
solar security camera la porte,40,16,0.0,"commercial, informational",55,enster.com
lpr camera price tampa,40,17,0.0,transactional,98,cctvfactory.com
security camera with sound recording,40,17,2.18,"commercial, informational",81,icseecam.com
ip cam outdoor camhi 5mp,40,17,0.0,commercial,12,icseecam.com
nvr systems for factories,40,17,0.0,"commercial, informational",50,jer-tech.com
camera license plate reader,40,18,2.64,"commercial, informational",68,cctvfactory.com
license plate reader price,40,18,2.01,transactional,46,cctvfactory.com
cámara con tarjeta sim 4g,40,18,0.0,"commercial, informational",7,enster.com
solar security camera baytown,40,18,0.0,commercial,44,enster.com
wireless camera dvr kit b,40,18,0.0,commercial,11,enster.com
wifi nvr kit,40,18,0.0,"commercial, informational",22,enster.com
module camera wifi with wire,40,18,0.0,commercial,19,enster.com
solar camera inc. company,40,18,0.0,navigational,38,"icseecam.com,jer-tech.com"
magnetic home security camera,40,18,0.0,commercial,39,icseecam.com
nvr manufacturer,40,18,10.31,"commercial, informational",8,jer-tech.com
camera ip night vision,40,19,1.64,"commercial, informational",26,enster.com
4g ip camera outdoor solar,40,19,0.0,commercial,19,enster.com
cámaras con energía solar,40,19,0.33,"commercial, informational",48,icseecam.com
camera de segurança solar,40,19,0.0,commercial,34,icseecam.com
ip cameras with nvr,40,20,1.9,"commercial, informational",38,cctvfactory.com
camera solar with sim card,40,20,1.01,commercial,25,"enster.com,jer-tech.com"
camara para exterior con panel solar,40,20,0.0,"informational, transactional",27,icseecam.com
suraksha eye solar camera,40,20,0.0,"commercial, informational",41,icseecam.com
dual lens outdoor security camera,40,20,0.95,commercial,37,icseecam.com
5g cctv camera,40,20,0.0,commercial,27,icseecam.com
nvr supplier,40,20,0.0,commercial,20,jer-tech.com
sony xm camera,40,21,0.0,"commercial, informational",90,cctvfactory.com
cámara wifi 5mb,40,21,0.0,commercial,18,enster.com
5g wifi camera,40,21,0.63,"commercial, informational",27,icseecam.com
camera lens 16mm ir cctv,40,22,0.0,commercial,57,cctvfactory.com
ip 3x camera zoom,40,22,0.0,commercial,34,enster.com
ip cameras vs analog,40,22,0.53,commercial,77,icseecam.com
wireless camera for construction site,40,23,13.24,commercial,27,enster.com
top solar panels 2025,40,23,4.1,commercial,54,icseecam.com
wireless nvr kit hd wifi,40,24,0.0,commercial,16,enster.com
surveillance poe camera kit,40,24,4.89,commercial,24,enster.com
solar powered security camera with sim card,40,24,1.16,"commercial, informational",34,enster.com
no subscription security camera system,40,24,1.89,commercial,63,icseecam.com
camera surveillance yoosee,40,24,0.0,commercial,33,icseecam.com
onvif hd security kits,40,24,0.0,commercial,20,jer-tech.com
25 foot hdmi cables,40,25,0.38,commercial,18,cctvfactory.com
camera outdoor wifi nvr kit,40,25,1.7,commercial,20,enster.com
xmeye camera set,40,25,0.0,transactional,14,enster.com
5ghz wifi cam,40,25,0.49,commercial,8,icseecam.com
wifi 5g camera,40,25,0.74,"commercial, informational",23,icseecam.com
kit ip camera poe nvr,40,26,0.0,commercial,43,enster.com
best security cameras without a subscription,40,26,1.04,commercial,54,icseecam.com
best nvr system,40,26,2.9,commercial,58,icseecam.com
outdoor video camera 4g sim,40,27,0.0,commercial,19,enster.com
security cameras that work on 5ghz wifi,40,27,1.76,"commercial, informational",31,icseecam.com
cameras that record without subscription,40,27,1.46,"commercial, informational",72,icseecam.com
china cctv camera,40,27,0.0,commercial,12,"icseecam.com,jer-tech.com"
best 4g security camera outdoor,40,27,1.35,commercial,56,jer-tech.com
best home poe camera system,40,28,1.43,commercial,53,jer-tech.com
best wired security camera system for home,40,29,3.79,commercial,77,icseecam.com
ip camera for yoosee,40,29,0.0,commercial,41,icseecam.com
best home surveillance system without subscription,40,30,4.3,commercial,67,icseecam.com
cctv shop,40,31,18.41,commercial,9,cctvfactory.com
best long range cctv camera,40,31,1.4,commercial,66,icseecam.com
solar panel top,40,32,2.46,commercial,63,icseecam.com
home security cameras with no subscription,40,32,2.21,commercial,59,icseecam.com
cctv kit nvr,40,33,0.0,commercial,16,enster.com
best solar panels 2025 reviews,40,33,0.0,commercial,55,icseecam.com
best 24/7 security cameras,40,33,3.51,commercial,84,icseecam.com
top surveillance companies,40,34,14.25,commercial,60,icseecam.com
best wireless cctv camera system,40,34,3.83,commercial,37,jer-tech.com
best 4k solar security camera,40,35,0.96,commercial,71,icseecam.com
b380 pro camera,40,36,0.0,"commercial, informational",26,icseecam.com
camera home yoosee,40,39,0.0,commercial,33,icseecam.com
top rated solar panels 2025,40,39,0.0,commercial,49,icseecam.com
security camera industry,40,39,14.78,commercial,65,jer-tech.com
what to look for in security camera,40,40,0.5,commercial,70,jer-tech.com
best home camera system 2025,40,41,0.0,commercial,20,jer-tech.com
best ip security cameras,40,42,2.17,commercial,1,jer-tech.com
esse cloud camera,40,44,1.04,commercial,14,icseecam.com
cc camera dealers,40,45,5.24,commercial,21,cctvfactory.com
cctv camera wholesale,40,45,0.0,commercial,35,cctvfactory.com
best wireless outdoor security cameras 2026,40,46,0.0,commercial,33,icseecam.com
top video surveillance companies,40,50,7.03,"commercial, informational",26,"icseecam.com,jer-tech.com"
professional cctv systems,40,51,7.92,"commercial, navigational",47,cctvfactory.com
best security cameras for home 2025,40,51,0.0,commercial,21,jer-tech.com
security camera vendors,40,54,28.45,commercial,77,icseecam.com
best home security camera brands,40,55,3.89,commercial,43,icseecam.com
website cctv camera,40,60,0.0,"commercial, informational",43,cctvfactory.com
security camera companys,40,65,0.0,commercial,19,icseecam.com
security camera reviews 2025,40,67,1.42,commercial,17,jer-tech.com
top rated cctv systems,40,68,4.14,commercial,26,icseecam.com
16 channel cctv dvr,30,0,2.07,commercial,41,cctvfactory.com
flame detection camera,30,0,6.27,"commercial, informational",3,enster.com
ip camera with 940nm,30,0,1.64,commercial,5,enster.com
which camera is best for home security,30,0,4.96,commercial,25,jer-tech.com
ptz5a4m 25x,30,1,1.45,commercial,34,enster.com
best home security cameras made in usa,30,1,1.86,commercial,79,"icseecam.com,jer-tech.com"
best american made security cameras,30,4,1.97,commercial,59,"icseecam.com,jer-tech.com"
ip camera for nvr,30,5,1.9,"commercial, informational",7,cctvfactory.com
nvr 64 channel,30,5,2.53,commercial,16,cctvfactory.com
180 degree panoramic camera,30,5,1.86,"commercial, informational",37,enster.com
nvr poe 4 channel,30,7,2.05,commercial,45,cctvfactory.com
xvr dvr,30,7,1.16,"commercial, informational",8,enster.com
security camera with voice warning,30,7,1.64,"commercial, informational",85,icseecam.com
american made security camera system,30,7,2.79,commercial,67,icseecam.com
isee home camera,30,7,1.64,commercial,40,icseecam.com
16 camera dvr,30,8,1.94,commercial,26,cctvfactory.com
eastern cctv,30,8,2.89,navigational,33,enster.com
american made security systems,30,8,5.64,"commercial, informational",67,icseecam.com
anpr camera price,30,9,1.62,transactional,50,cctvfactory.com
security cameras tuya smart device,30,10,1.12,commercial,43,icseecam.com
plate reading camera,30,12,2.12,commercial,53,cctvfactory.com
poe nvr 4 channel,30,12,2.05,commercial,41,cctvfactory.com
dual camera security system,30,12,5.4,commercial,46,icseecam.com
analog camera system,30,12,1.9,commercial,45,jer-tech.com
surveillance cameras wholesale,30,14,8.75,commercial,45,cctvfactory.com
cctv camera with microphone,30,14,1.66,"commercial, informational",5,enster.com
360 camera for business,30,14,19.9,commercial,23,jer-tech.com
clearwater security cameras,30,15,5.3,transactional,43,cctvfactory.com
best ptz cameras,30,15,1.47,commercial,59,icseecam.com
hd nvr kit 4 cameras,30,16,1.42,"commercial, informational",20,enster.com
best security cameras that don t require a subscription,30,16,1.64,commercial,72,icseecam.com
247 recording camera,30,16,3.42,"commercial, informational",46,icseecam.com
ip camera and nvr system,30,18,6.33,"commercial, informational",50,cctvfactory.com
lpr cameras for sale,30,18,3.51,transactional,48,cctvfactory.com
solar powered cellular cameras,30,18,1.71,"commercial, informational",39,icseecam.com
dual camera security camera,30,18,2.09,"commercial, informational",38,icseecam.com
best cellular solar security camera,30,18,1.35,commercial,66,icseecam.com
lpr camera cost,30,19,2.52,"commercial, informational",61,cctvfactory.com
lpr reader camera,30,19,3.74,"commercial, informational",63,cctvfactory.com
long range security camera system,30,19,3.44,commercial,52,icseecam.com
cctv vendors,30,20,28.3,commercial,1,"cctvfactory.com,icseecam.com"
cctv camera distributors,30,20,6.83,commercial,50,cctvfactory.com
top 10 cctv camera brands in world,30,20,3.29,"commercial, informational",1,jer-tech.com
dome camera supplier,30,21,5.43,"commercial, informational",29,icseecam.com
cctv sales,30,22,2.81,transactional,35,cctvfactory.com
free trial security camera,30,22,7.6,"commercial, informational",58,icseecam.com
best in home cameras without subscription,30,22,3.27,commercial,64,icseecam.com
american security camera company,30,22,5.25,"commercial, informational",75,icseecam.com
mobile license plate reader cost,30,23,2.34,"commercial, informational",54,cctvfactory.com
ptz camera manufacturers,30,23,3.28,commercial,26,"icseecam.com,jer-tech.com"
best camera for home security without subscription,30,23,3.87,commercial,52,icseecam.com
solar security camera with cellular,30,23,1.77,"commercial, informational",61,icseecam.com
industrial cctv system,30,24,28.86,commercial,66,cctvfactory.com
5g surveillance cameras,30,24,1.57,commercial,31,icseecam.com
wireless security cameras with sound,30,25,1.5,"commercial, informational",77,icseecam.com
highest resolution outdoor security camera,30,25,2.04,commercial,49,icseecam.com
commercial security camera brands,30,25,3.92,commercial,36,icseecam.com
security cameras wholesale suppliers,30,26,5.49,commercial,1,"cctvfactory.com,icseecam.com,jer-tech.com"
best security cameras for home no subscription,30,26,3.86,commercial,61,icseecam.com
ip camera wholesale,30,27,4.64,"commercial, informational",27,"cctvfactory.com,icseecam.com,jer-tech.com"
best long range security camera outdoor,30,27,1.36,commercial,64,icseecam.com
home security camera system no subscription,30,27,4.84,"commercial, informational",46,icseecam.com
best security camera systems without subscription,30,27,4.06,commercial,66,icseecam.com
security cameras no subscription needed,30,28,1.76,"commercial, informational",63,icseecam.com
outdoor security cameras with sound,30,28,2.17,"commercial, informational",80,icseecam.com
dvr nvr systems,30,28,2.19,"commercial, informational",58,jer-tech.com
cameras companies,30,30,3.56,commercial,38,"icseecam.com,jer-tech.com"
wireless home security cameras without subscription,30,30,2.07,commercial,44,icseecam.com
security camera systems without subscription,30,31,4.54,"commercial, informational",65,icseecam.com
data camera systems,30,31,11.85,"commercial, informational",71,icseecam.com
free home cameras,30,31,5.16,commercial,42,icseecam.com
security cameras free,30,32,5.34,commercial,54,icseecam.com
solar panel brand,30,32,5.02,commercial,71,icseecam.com
professional security camera brands,30,36,5.82,commercial,59,icseecam.com
night vision security,30,39,7.14,navigational,27,jer-tech.com
usa manufactured solar panels,30,40,3.42,"commercial, informational",70,icseecam.com
best free security cameras,30,40,1.2,commercial,40,icseecam.com
best home cameras no subscription,30,41,1.97,commercial,32,icseecam.com
cctv houston,30,42,9.71,commercial,4,cctvfactory.com
home security systems made in usa,30,45,4.54,commercial,90,icseecam.com
top rated ip security camera,30,45,2.17,commercial,62,jer-tech.com
outdoor security camera reviews 2025,30,48,1.51,commercial,18,jer-tech.com
security camera free,30,50,5.99,commercial,64,icseecam.com
what to look for in home security camera system,30,50,2.07,commercial,73,jer-tech.com
cctv camera suppliers,30,51,2.7,commercial,36,"cctvfactory.com,icseecam.com"
top home security camera brands,30,52,4.21,commercial,70,icseecam.com
top rated video surveillance systems,30,52,4.03,commercial,56,jer-tech.com
video camera companies,30,57,14.4,commercial,65,icseecam.com
vivint camera company,30,63,18.24,navigational,42,icseecam.com
secutiy camera,30,63,5.3,commercial,2,jer-tech.com
ip camera supplier,30,64,4.15,commercial,41,"enster.com,jer-tech.com"
curity cameras,30,65,5.3,commercial,1,jer-tech.com
top 5 security camera brands,30,66,0.94,commercial,59,icseecam.com
secuity camera,30,66,5.47,commercial,1,jer-tech.com
survaliance cameras,30,66,5.02,commercial,9,jer-tech.com
camera system companies,30,74,34.4,commercial,91,icseecam.com
survellience cameras,30,76,4.89,"commercial, informational",1,jer-tech.com
